id,name,smiles,family,z1,z2,z3,z4,z5,z6,z7,z8
001,methyl methyl carbonate,COC(=O)OC,carbonate,-0.18437960743904114,0.36807021498680115,-0.3876244127750397,-0.612888753414154,0.10831134021282196,-0.4511232078075409,0.2733497619628906,0.1948235034942627
002,methyl ethyl carbonate,COC(=O)OCC,carbonate,-0.21321836113929749,-0.36283817887306213,-0.4326915740966797,-0.7900556921958923,0.40502363443374634,-0.6068090796470642,0.587474524974823,0.8392103314399719
003,methyl n-propyl carbonate,COC(=O)OCCC,carbonate,0.0067368196323513985,-0.7431889176368713,-0.42268261313438416,-0.90964275598526,0.37163683772087097,-0.5969168543815613,0.6297650933265686,0.9746401906013489
004,methyl isopropyl carbonate,COC(=O)OC(C)C,carbonate,-0.36878901720046997,0.6552320122718811,-0.5980154871940613,-1.0917288064956665,0.2626345157623291,-0.7428474426269531,0.5627484321594238,0.49911096692085266
005,methyl n-butyl carbonate,COC(=O)OCCCC,carbonate,0.013593466021120548,-0.9755964875221252,-0.37664756178855896,-0.8770412802696228,0.4824417233467102,-0.620067834854126,0.6952734589576721,1.1494923830032349
006,ethyl ethyl carbonate,CCOC(=O)OCC,carbonate,-0.19441024959087372,-0.6496834754943848,-0.40758535265922546,-0.7083049416542053,0.44048234820365906,-0.5882494449615479,0.6050617098808289,0.9207820296287537
007,ethyl n-propyl carbonate,CCOC(=O)OCCC,carbonate,-0.03638433665037155,-1.1600042581558228,-0.4516596496105194,-0.8945114016532898,0.46372875571250916,-0.6262106895446777,0.7282881736755371,1.1954630613327026
008,ethyl isopropyl carbonate,CCOC(=O)OC(C)C,carbonate,-0.4404461085796356,0.1521725207567215,-0.6555860042572021,-1.223017930984497,0.4911976754665375,-0.8622600436210632,0.7823955416679382,0.965778112411499
009,ethyl n-butyl carbonate,CCOC(=O)OCCCC,carbonate,-0.037958774715662,-1.3883556127548218,-0.40463635325431824,-0.8549057245254517,0.5727362036705017,-0.6442798972129822,0.7910288572311401,1.365989327430725
010,n-propyl n-propyl carbonate,CCCOC(=O)OCCC,carbonate,0.031285494565963745,-1.0220438241958618,-0.3975643515586853,-0.8289782404899597,0.39182889461517334,-0.5601396560668945,0.6446099877357483,1.0437451601028442
011,n-propyl isopropyl carbonate,CCCOC(=O)OC(C)C,carbonate,-0.2781793177127838,-0.14285460114479065,-0.6585050225257874,-1.3482766151428223,0.5022722482681274,-0.8885042667388916,0.8280686736106873,1.0965404510498047
012,n-propyl n-butyl carbonate,CCCOC(=O)OCCCC,carbonate,0.08352190256118774,-1.4518238306045532,-0.40976017713546753,-0.9116513729095459,0.5172305107116699,-0.635218620300293,0.781747043132782,1.3344981670379639
013,isopropyl isopropyl carbonate,C(C)COC(=O)OC(C)C,carbonate,-0.2781793177127838,-0.14285460114479065,-0.6585050225257874,-1.3482766151428223,0.5022722482681274,-0.8885042667388916,0.8280686736106873,1.0965404510498047
014,isopropyl n-butyl carbonate,C(C)COC(=O)OCCCC,carbonate,0.08352190256118774,-1.4518238306045532,-0.40976017713546753,-0.9116513729095459,0.5172305107116699,-0.635218620300293,0.781747043132782,1.3344981670379639
015,n-butyl n-butyl carbonate,CCCCOC(=O)OCCCC,carbonate,0.031177319586277008,-1.2396148443222046,-0.3606613576412201,-0.8061205148696899,0.49967339634895325,-0.5888755321502686,0.7126604914665222,1.2146430015563965
016,methyl formate,O=COC,ester,-0.14699165523052216,0.5414109826087952,-0.05770815163850784,0.3565245568752289,-0.4111684560775757,0.19945943355560303,-0.41085004806518555,-0.718403697013855
017,ethyl formate,O=COCC,ester,-0.24242280423641205,-0.33176884055137634,0.012027125805616379,0.3116207420825958,-0.05040794238448143,0.22071300446987152,0.002910356968641281,0.1410808265209198
018,n-propyl formate,O=COCCC,ester,-0.2535073459148407,-0.714033305644989,0.05885864421725273,0.3276953399181366,0.08286438882350922,0.2141050547361374,0.1006961315870285,0.43266814947128296
019,isopropyl formate,O=COC(C)C,ester,-0.2541445195674896,0.7990588545799255,-0.1922905445098877,-0.060353949666023254,-0.2997904419898987,0.05612390860915184,-0.09808816015720367,-0.4033074975013733
020,n-butyl formate,O=COCCCC,ester,-0.1391681283712387,-0.8914170265197754,0.131252720952034,0.3261159360408783,0.10236822068691254,0.2550802230834961,0.10540269315242767,0.5340607166290283
021,methyl acetate,CC(=O)OC,ester,-0.24307729303836823,0.29071882367134094,-0.3869877755641937,-0.5648568272590637,0.1527973711490631,-0.46805790066719055,0.3108054995536804,0.23573319613933563
022,ethyl acetate,CC(=O)OCC,ester,-0.2913549244403839,-0.3003350794315338,-0.43132007122039795,-0.7044669389724731,0.39182400703430176,-0.5864560604095459,0.5625073909759521,0.7570662498474121
023,n-propyl acetate,CC(=O)OCCC,ester,-0.09951313585042953,-0.7988786697387695,-0.3661637008190155,-0.7145682573318481,0.3938298225402832,-0.5175395011901855,0.5915452241897583,0.9570472836494446
024,isopropyl acetate,CC(=O)OC(C)C,ester,-0.4686528146266937,0.8510429263114929,-0.5960898399353027,-0.9923171401023865,0.18786242604255676,-0.6682716608047485,0.5223375558853149,0.32448267936706543
025,n-butyl acetate,CC(=O)OCCCC,ester,-0.11335208266973495,-0.9580399990081787,-0.350313663482666,-0.726470947265625,0.5046908259391785,-0.5719147324562073,0.6638416647911072,1.109303593635559
026,methyl propionate,CCC(=O)OC,ester,-0.1822630912065506,-0.33930474519729614,-0.4217759966850281,-0.7878966331481934,0.46863505244255066,-0.6848121881484985,0.6125068068504333,0.8543763756752014
027,ethyl propionate,CCC(=O)OCC,ester,-0.3309534192085266,-0.6044530272483826,-0.5588932633399963,-0.8865718245506287,0.6007583141326904,-0.8375365734100342,0.7649413347244263,1.072945237159729
028,n-propyl propionate,CCC(=O)OCCC,ester,-0.1624729037284851,-1.087116003036499,-0.5232144594192505,-0.948225200176239,0.6260771751403809,-0.8119815587997437,0.8272734880447388,1.2897382974624634
029,isopropyl propionate,CCC(=O)OC(C)C,ester,-0.40107008814811707,0.4122472405433655,-0.6564476490020752,-1.295875906944275,0.45496508479118347,-0.9306483268737793,0.7790200114250183,0.8460022211074829
030,n-butyl propionate,CCC(=O)OCCCC,ester,-0.1675684005022049,-1.3138948678970337,-0.48347947001457214,-0.9248876571655273,0.7472524046897888,-0.8490685224533081,0.9004965424537659,1.474895715713501
031,methyl butyrate,CCCC(=O)OC,ester,-0.21497945487499237,-0.31513258814811707,-0.620085597038269,-1.1671303510665894,0.6203752160072327,-0.9848827123641968,0.8136996030807495,1.0563132762908936
032,ethyl butyrate,CCCC(=O)OCC,ester,-0.3777635395526886,-0.8047053217887878,-0.7093310952186584,-1.1654621362686157,0.7952443957328796,-1.1128126382827759,0.9854989647865295,1.3844077587127686
033,n-propyl butyrate,CCCC(=O)OCCC,ester,-0.23069630563259125,-1.226965308189392,-0.6717585921287537,-1.1863220930099487,0.7879883050918579,-1.0658433437347412,1.018507719039917,1.5313422679901123
034,isopropyl butyrate,CCCC(=O)OC(C)C,ester,-0.42353513836860657,0.467703640460968,-0.8098361492156982,-1.611647605895996,0.5826674103736877,-1.1793670654296875,0.9507014155387878,1.0183309316635132
035,n-butyl butyrate,CCCC(=O)OCCCC,ester,-0.23771776258945465,-1.391388177871704,-0.6703919172286987,-1.22478187084198,0.9010260105133057,-1.1346222162246704,1.1058940887451172,1.6995011568069458
036,methyl isobutyrate,CC(C)C(=O)OC,ester,-0.38975295424461365,0.3285980522632599,-0.4458758533000946,-0.6347908973693848,0.20579375326633453,-0.5179600119590759,0.39004164934158325,0.3717237710952759
037,ethyl isobutyrate,CC(C)C(=O)OCC,ester,-0.369780033826828,0.01788068749010563,-0.43486806750297546,-0.7227080464363098,0.2984890043735504,-0.5192888975143433,0.5103263258934021,0.6498674154281616
038,n-propyl isobutyrate,CC(C)C(=O)OCCC,ester,-0.24251212179660797,-0.4022822678089142,-0.36321714520454407,-0.684204638004303,0.3361054062843323,-0.47438743710517883,0.5291818380355835,0.8108936548233032
039,isopropyl isobutyrate,CC(C)C(=O)OC(C)C,ester,-0.4546113908290863,0.48489293456077576,-0.5192094445228577,-0.8414961695671082,0.2641896903514862,-0.6172745823860168,0.5210555791854858,0.5088346004486084
040,n-butyl isobutyrate,CC(C)C(=O)OCCCC,ester,-0.25534507632255554,-0.5965747237205505,-0.3218706250190735,-0.6549419164657593,0.45611363649368286,-0.5081647038459778,0.5923160910606384,0.9849934577941895
041,methyl valerate,CCCCC(=O)OC,ester,-0.11025428026914597,-0.43935227394104004,-0.6225245594978333,-1.30242919921875,0.6717954874038696,-1.0319520235061646,0.9020492434501648,1.2137242555618286
042,ethyl valerate,CCCCC(=O)OCC,ester,-0.3084011971950531,-0.9193310141563416,-0.7455366253852844,-1.3281713724136353,0.8701374530792236,-1.197200059890747,1.0947145223617554,1.5533615350723267
043,n-propyl valerate,CCCCC(=O)OCCC,ester,-0.15308456122875214,-1.341284990310669,-0.6976503729820251,-1.3405132293701172,0.8482053875923157,-1.1360206604003906,1.1177232265472412,1.6828279495239258
044,isopropyl valerate,CCCCC(=O)OC(C)C,ester,-0.3911226689815521,0.44261571764945984,-0.8392598032951355,-1.7509033679962158,0.6454497575759888,-1.2490599155426025,1.0353845357894897,1.1490767002105713
045,n-butyl valerate,CCCCC(=O)OCCCC,ester,-0.19619370996952057,-1.3812246322631836,-0.6719691157341003,-1.259518027305603,0.8928077220916748,-1.1389193534851074,1.1157498359680176,1.7015762329101562
046,methyl hexanoate,CCCCCC(=O)OC,ester,-0.0570240393280983,-0.3752177953720093,-0.6863622069358826,-1.4798451662063599,0.6948990225791931,-1.1221328973770142,0.964873731136322,1.2663358449935913
047,ethyl hexanoate,CCCCCC(=O)OCC,ester,-0.25258389115333557,-0.8792552351951599,-0.7952622175216675,-1.491083025932312,0.8942094445228577,-1.269594430923462,1.1581588983535767,1.6209193468093872
048,n-propyl hexanoate,CCCCCC(=O)OCCC,ester,-0.07497675716876984,-1.3272106647491455,-0.7393597960472107,-1.4960349798202515,0.8559069037437439,-1.1936423778533936,1.1698639392852783,1.7385488748550415
049,isopropyl hexanoate,CCCCCC(=O)OC(C)C,ester,-0.34503987431526184,0.4488085210323334,-0.8793691396713257,-1.8736462593078613,0.6738201379776001,-1.310767412185669,1.0827187299728394,1.2097805738449097
050,n-butyl hexanoate,CCCCCC(=O)OCCCC,ester,-0.13197985291481018,-1.358418583869934,-0.7270205616950989,-1.4257595539093018,0.9112669825553894,-1.2122348546981812,1.1823606491088867,1.7647969722747803
051,methyl heptanoate,CCCCCCC(=O)OC,ester,-0.007064244709908962,-0.38826075196266174,-0.7195189595222473,-1.5983082056045532,0.7015637755393982,-1.1647096872329712,1.010923147201538,1.323196291923523
052,ethyl heptanoate,CCCCCCC(=O)OCC,ester,-0.20864947140216827,-0.8657546043395996,-0.8426185846328735,-1.6316022872924805,0.9075167179107666,-1.328445315361023,1.2119258642196655,1.6762523651123047
053,n-propyl heptanoate,CCCCCCC(=O)OCCC,ester,-0.02191847562789917,-1.3214601278305054,-0.7852157354354858,-1.6342766284942627,0.8608753085136414,-1.244605541229248,1.2181484699249268,1.7889785766601562
054,isopropyl heptanoate,CCCCCCC(=O)OC(C)C,ester,-0.30982330441474915,0.4273383617401123,-0.9115294814109802,-1.9731945991516113,0.6938108801841736,-1.3549104928970337,1.1292052268981934,1.2695189714431763
055,n-butyl heptanoate,CCCCCCC(=O)OCCCC,ester,-0.08674205839633942,-1.353478193283081,-0.775928258895874,-1.5629273653030396,0.9211231470108032,-1.2696635723114014,1.2337870597839355,1.81526517868042
056,methyl octanoate,CCCCCCCC(=O)OC,ester,-0.007064244709908962,-0.38826075196266174,-0.7195189595222473,-1.5983082056045532,0.7015637755393982,-1.1647096872329712,1.010923147201538,1.323196291923523
057,ethyl octanoate,CCCCCCCC(=O)OCC,ester,-0.20864947140216827,-0.8657546043395996,-0.8426185846328735,-1.6316022872924805,0.9075167179107666,-1.328445315361023,1.2119258642196655,1.6762523651123047
058,n-propyl octanoate,CCCCCCCC(=O)OCCC,ester,-0.02191847562789917,-1.3214601278305054,-0.7852157354354858,-1.6342766284942627,0.8608753085136414,-1.244605541229248,1.2181484699249268,1.7889785766601562
059,isopropyl octanoate,CCCCCCCC(=O)OC(C)C,ester,-0.30982330441474915,0.4273383617401123,-0.9115294814109802,-1.9731945991516113,0.6938108801841736,-1.3549104928970337,1.1292052268981934,1.2695189714431763
060,n-butyl octanoate,CCCCCCCC(=O)OCCCC,ester,-0.08674205839633942,-1.353478193283081,-0.775928258895874,-1.5629273653030396,0.9211231470108032,-1.2696635723114014,1.2337870597839355,1.81526517868042
061,methyl 2-methoxyacetate,COCC(=O)OC,ester,-0.47553470730781555,-0.4387727677822113,-0.47300583124160767,-0.6090145111083984,0.507144570350647,-0.6675054430961609,0.6069779992103577,0.8854455947875977
062,ethyl 2-methoxyacetate,COCC(=O)OCC,ester,-0.5867020487785339,-0.845630943775177,-0.5105863809585571,-0.5850273370742798,0.6206048727035522,-0.7415844798088074,0.6992757320404053,1.115780234336853
063,n-propyl 2-methoxyacetate,COCC(=O)OCCC,ester,-0.4452623724937439,-1.3177555799484253,-0.46265342831611633,-0.6131135821342468,0.6638011336326599,-0.7172620296478271,0.7603986263275146,1.3363037109375
064,isopropyl 2-methoxyacetate,COCC(=O)OC(C)C,ester,-0.5980172157287598,0.15897078812122345,-0.6273910999298096,-0.9633404612541199,0.44839224219322205,-0.8082963824272156,0.6910069584846497,0.8250757455825806
065,n-butyl 2-methoxyacetate,COCC(=O)OCCCC,ester,-0.45024439692497253,-1.5538727045059204,-0.4207329750061035,-0.581091582775116,0.7837889194488525,-0.7491258382797241,0.8323881030082703,1.5160741806030273
066,methyl methyl ether,COC,ether,0.4043921232223511,0.04879573732614517,0.19904036819934845,0.4163915812969208,-0.6512169241905212,0.41086170077323914,-0.636553168296814,-0.8248727917671204
067,methyl ethyl ether,COCC,ether,0.5433078408241272,-0.7756831049919128,0.3000204563140869,0.32368528842926025,-0.4524177610874176,0.5038434863090515,-0.31969133019447327,-0.1431116908788681
068,methyl n-propyl ether,COCCC,ether,0.599737823009491,-1.4331495761871338,0.3839680850505829,0.3682264983654022,-0.3306507170200348,0.5529165863990784,-0.1853337287902832,0.2454180121421814
069,methyl isopropyl ether,COC(C)C,ether,0.20826368033885956,0.2673726975917816,0.07530853152275085,0.1285402774810791,-0.4182538390159607,0.2514394223690033,-0.33721569180488586,-0.4433296024799347
070,methyl n-butyl ether,COCCCC,ether,0.647904098033905,-1.7457891702651978,0.43062496185302734,0.3827238380908966,-0.23613440990447998,0.5557948350906372,-0.10246889293193817,0.4629752039909363
071,methyl n-pentyl ether,COCCCCC,ether,1.0394047498703003,-1.7496296167373657,0.49056848883628845,0.26896393299102783,-0.541679322719574,0.7495160102844238,-0.23532415926456451,0.2613995671272278
072,methyl n-hexyl ether,COCCCCCC,ether,1.1456958055496216,-1.7858595848083496,0.48001375794410706,0.1761339008808136,-0.5810839533805847,0.7604267597198486,-0.22278262674808502,0.27491363883018494
073,ethyl ethyl ether,CCOCC,ether,0.8641151189804077,-0.9516494870185852,0.26110023260116577,0.09573208540678024,-0.6785217523574829,0.5995266437530518,-0.32027995586395264,-0.19239480793476105
074,ethyl n-propyl ether,CCOCCC,ether,1.3899997472763062,-1.7125204801559448,0.32297173142433167,-0.041633136570453644,-0.9577080011367798,0.8312333822250366,-0.34305259585380554,-0.10481242835521698
075,ethyl isopropyl ether,CCOC(C)C,ether,0.05578196793794632,0.01887335442006588,0.1516750305891037,0.07083434611558914,-0.17834916710853577,0.28840184211730957,-0.08282846212387085,0.08407263457775116
076,ethyl n-butyl ether,CCOCCCC,ether,1.4213769435882568,-1.8824938535690308,0.3741791546344757,-0.029990606009960175,-0.882567286491394,0.8416590094566345,-0.2821434736251831,0.05020703002810478
077,ethyl n-pentyl ether,CCOCCCCC,ether,1.7920217514038086,-1.8880122900009155,0.4212337136268616,-0.15935829281806946,-1.1697477102279663,1.0168565511703491,-0.398677259683609,-0.1342747062444687
078,ethyl n-hexyl ether,CCOCCCCCC,ether,1.9055365324020386,-1.9221692085266113,0.4157581031322479,-0.237596333026886,-1.2216702699661255,1.0375382900238037,-0.40022870898246765,-0.1371614784002304
079,n-propyl n-propyl ether,CCCOCCC,ether,1.3468495607376099,-1.5467665195465088,0.3003592789173126,-0.09123533219099045,-0.9095678329467773,0.7599539756774902,-0.32407739758491516,-0.12370066344738007
080,n-propyl isopropyl ether,CCCOC(C)C,ether,0.3359234631061554,-0.7250341176986694,0.24654875695705414,0.06619767844676971,-0.1470857411623001,0.3391643762588501,-0.03771182522177696,0.3742639422416687
081,n-propyl n-butyl ether,CCCOCCCC,ether,1.7057952880859375,-1.9927974939346313,0.3534386456012726,-0.20158293843269348,-1.0664066076278687,0.9029517769813538,-0.32062503695487976,-0.05057953670620918
082,n-propyl n-pentyl ether,CCCOCCCCC,ether,2.0603675842285156,-1.9864498376846313,0.3990938663482666,-0.3191504180431366,-1.3506261110305786,1.0763241052627563,-0.44123974442481995,-0.2455744743347168
083,n-propyl n-hexyl ether,CCCOCCCCCC,ether,2.1541545391082764,-2.03987193107605,0.397356241941452,-0.3760894238948822,-1.3905147314071655,1.0941532850265503,-0.44214537739753723,-0.23888802528381348
084,isopropyl isopropyl ether,C(C)COC(C)C,ether,0.3359234631061554,-0.7250341176986694,0.24654875695705414,0.06619767844676971,-0.1470857411623001,0.3391643762588501,-0.03771182522177696,0.3742639422416687
085,isopropyl n-butyl ether,C(C)COCCCC,ether,1.7057952880859375,-1.9927974939346313,0.3534386456012726,-0.20158293843269348,-1.0664066076278687,0.9029517769813538,-0.32062503695487976,-0.05057953670620918
086,isopropyl n-pentyl ether,C(C)COCCCCC,ether,2.0603675842285156,-1.9864498376846313,0.3990938663482666,-0.3191504180431366,-1.3506261110305786,1.0763241052627563,-0.44123974442481995,-0.2455744743347168
087,isopropyl n-hexyl ether,C(C)COCCCCCC,ether,2.1541545391082764,-2.03987193107605,0.397356241941452,-0.3760894238948822,-1.3905147314071655,1.0941532850265503,-0.44214537739753723,-0.23888802528381348
088,n-butyl n-butyl ether,CCCCOCCCC,ether,1.3622417449951172,-1.7180370092391968,0.3545324504375458,-0.07201283425092697,-0.8119463920593262,0.763751208782196,-0.25598227977752686,0.050773005932569504
089,n-butyl n-pentyl ether,CCCCOCCCCC,ether,1.7571678161621094,-1.8642520904541016,0.3980461061000824,-0.1884651780128479,-1.102365493774414,0.9446300268173218,-0.36178725957870483,-0.10475772619247437
090,n-butyl n-hexyl ether,CCCCOCCCCCC,ether,1.8590302467346191,-1.9049099683761597,0.38646796345710754,-0.27354854345321655,-1.1402589082717896,0.9511386752128601,-0.352481871843338,-0.09361360967159271
091,n-pentyl n-pentyl ether,CCCCCOCCCCC,ether,1.737918734550476,-1.7221602201461792,0.4028944969177246,-0.19438472390174866,-1.1105518341064453,0.9459667205810547,-0.3810649812221527,-0.14774830639362335
092,n-pentyl n-hexyl ether,CCCCCOCCCCCC,ether,1.8417649269104004,-1.7620882987976074,0.3932547867298126,-0.2775847017765045,-1.150411605834961,0.955399751663208,-0.37275272607803345,-0.13719984889030457
093,n-hexyl n-hexyl ether,CCCCCCOCCCCCC,ether,1.8417649269104004,-1.7620882987976074,0.3932547867298126,-0.2775847017765045,-1.150411605834961,0.955399751663208,-0.37275272607803345,-0.13719984889030457
094,"N,N-methyl-methyl formamide",O=CN(C)C,amide,-0.5403154492378235,1.5278993844985962,-0.5208734273910522,-0.2635333240032196,-0.36272042989730835,-0.12830278277397156,-0.17764900624752045,-0.873155951499939
095,"N,N-methyl-ethyl formamide",O=CN(C)CC,amide,-0.694869339466095,1.7521520853042603,-0.6152979731559753,-0.5017167925834656,-0.3479079008102417,-0.1455516666173935,-0.015024270862340927,-0.7387471795082092
096,"N,N-methyl-n-propyl formamide",O=CN(C)CCC,amide,-0.7224976420402527,1.6877481937408447,-0.633256733417511,-0.6464479565620422,-0.24361878633499146,-0.20624227821826935,0.13939300179481506,-0.5425297021865845
097,"N,N-methyl-isopropyl formamide",O=CN(C)C(C)C,amide,-0.6364291310310364,1.799071192741394,-0.597474992275238,-0.39937978982925415,-0.42885884642601013,-0.14712823927402496,-0.13121411204338074,-0.869210958480835
098,"N,N-methyl-n-butyl formamide",O=CN(C)CCCC,amide,-0.7267897725105286,1.6006312370300293,-0.5771029591560364,-0.6626412868499756,-0.16435983777046204,-0.17844200134277344,0.2158042937517166,-0.3601270020008087
099,"N,N-ethyl-ethyl formamide",O=CN(CC)CC,amide,-0.6201854944229126,1.5663597583770752,-0.547631561756134,-0.4242880046367645,-0.35827842354774475,-0.07865999639034271,-0.006040345877408981,-0.7133837938308716
100,"N,N-ethyl-n-propyl formamide",O=CN(CC)CCC,amide,-0.6727975010871887,1.486314058303833,-0.5254901647567749,-0.5237970352172852,-0.2347489893436432,-0.10079076886177063,0.13873134553432465,-0.4394097924232483
101,"N,N-ethyl-isopropyl formamide",O=CN(CC)C(C)C,amide,-0.5102111101150513,1.5164544582366943,-0.44485148787498474,-0.47893497347831726,-0.3210314214229584,-0.03302518650889397,0.006211739033460617,-0.5178439021110535
102,"N,N-ethyl-n-butyl formamide",O=CN(CC)CCCC,amide,-0.6542677879333496,1.4177271127700806,-0.48732244968414307,-0.5603792071342468,-0.17950934171676636,-0.09025152027606964,0.19818125665187836,-0.3062707781791687
103,"N,N-n-propyl-n-propyl formamide",O=CN(CCC)CCC,amide,-0.6243579387664795,1.2913427352905273,-0.45115897059440613,-0.488427996635437,-0.14082136750221252,-0.09932120144367218,0.17554771900177002,-0.2745895981788635
104,"N,N-n-propyl-isopropyl formamide",O=CN(CCC)C(C)C,amide,-0.5641999244689941,1.5234891176223755,-0.46806880831718445,-0.6047315001487732,-0.23068448901176453,-0.09546642750501633,0.12836147844791412,-0.36169078946113586
105,"N,N-n-propyl-n-butyl formamide",O=CN(CCC)CCCC,amide,-0.6641412377357483,1.2693854570388794,-0.43911972641944885,-0.5629982948303223,-0.06546393036842346,-0.09848298877477646,0.27194252610206604,-0.10189211368560791
106,"N,N-isopropyl-isopropyl formamide",O=CN(C(C)C)C(C)C,amide,-0.524470865726471,1.66228449344635,-0.49471399188041687,-0.3855404853820801,-0.4273509681224823,-0.08376352488994598,-0.12217377126216888,-0.777902364730835
107,"N,N-isopropyl-n-butyl formamide",O=CN(C(C)C)CCCC,amide,-0.500809907913208,1.4192291498184204,-0.3849325180053711,-0.6245928406715393,-0.16864068806171417,-0.050572507083415985,0.17597989737987518,-0.1877753734588623
108,"N,N-n-butyl-n-butyl formamide",O=CN(CCCC)CCCC,amide,-0.6046897768974304,1.1861642599105835,-0.40614765882492065,-0.5123779773712158,-0.07335102558135986,-0.08720485121011734,0.23968689143657684,-0.11661925911903381
109,"N,N-methyl-methyl acetamide",CC(=O)N(C)C,amide,-0.5904282927513123,1.4318921566009521,-0.7095685005187988,-0.8109522461891174,-0.06452050805091858,-0.5450890064239502,0.2668876647949219,-0.36049920320510864
110,"N,N-methyl-ethyl acetamide",CC(=O)N(C)CC,amide,-0.7608292102813721,1.7487658262252808,-0.8553203344345093,-1.0625956058502197,-0.05033525452017784,-0.6301793456077576,0.40050166845321655,-0.3285278081893921
111,"N,N-methyl-n-propyl acetamide",CC(=O)N(C)CCC,amide,-0.7870290875434875,1.7718945741653442,-0.9176720976829529,-1.221225380897522,0.006461121141910553,-0.7130506038665771,0.5046491026878357,-0.21525442600250244
112,"N,N-methyl-isopropyl acetamide",CC(=O)N(C)C(C)C,amide,-0.7133432030677795,1.7790714502334595,-0.761484682559967,-0.8513010144233704,-0.15388579666614532,-0.5334607362747192,0.2297314554452896,-0.4783893823623657
113,"N,N-methyl-n-butyl acetamide",CC(=O)N(C)CCCC,amide,-0.7831278443336487,1.704668402671814,-0.9197597503662109,-1.3434031009674072,0.09669969975948334,-0.7567185759544373,0.6084909439086914,-0.026830118149518967
114,"N,N-ethyl-ethyl acetamide",CC(=O)N(CC)CC,amide,-0.7728493809700012,1.654402732849121,-0.8700703382492065,-1.2014578580856323,0.001985400915145874,-0.715190589427948,0.5268897414207458,-0.17687155306339264
115,"N,N-ethyl-n-propyl acetamide",CC(=O)N(CC)CCC,amide,-0.9365077614784241,1.905356526374817,-0.9926730990409851,-1.4198963642120361,0.031795162707567215,-0.7960267066955566,0.6639315485954285,-0.12055790424346924
116,"N,N-ethyl-isopropyl acetamide",CC(=O)N(CC)C(C)C,amide,-0.8401536345481873,2.0083718299865723,-0.9059722423553467,-1.2017877101898193,-0.09083952009677887,-0.6599715948104858,0.4460134506225586,-0.3337123692035675
117,"N,N-ethyl-n-butyl acetamide",CC(=O)N(CC)CCCC,amide,-0.9376139044761658,1.869930624961853,-0.9979871511459351,-1.5069597959518433,0.10583730041980743,-0.8434807062149048,0.7531142234802246,0.01707814261317253
118,"N,N-n-propyl-n-propyl acetamide",CC(=O)N(CCC)CCC,amide,-0.8494344353675842,1.7299660444259644,-0.9460797905921936,-1.394565463066101,0.06907065212726593,-0.8071905374526978,0.6687222123146057,-0.04660762473940849
119,"N,N-n-propyl-isopropyl acetamide",CC(=O)N(CCC)C(C)C,amide,-0.8562038540840149,2.012152671813965,-0.9306963086128235,-1.2944694757461548,-0.0380655936896801,-0.7140254974365234,0.5213348269462585,-0.23561418056488037
120,"N,N-n-propyl-n-butyl acetamide",CC(=O)N(CCC)CCCC,amide,-0.9663968682289124,1.8954789638519287,-1.0416719913482666,-1.589164137840271,0.13020142912864685,-0.9059209823608398,0.8076165914535522,0.05004436895251274
121,"N,N-isopropyl-isopropyl acetamide",CC(=O)N(C(C)C)C(C)C,amide,-0.5280645489692688,1.5313336849212646,-0.6733003258705139,-0.7472991347312927,-0.15652410686016083,-0.48719510436058044,0.17229211330413818,-0.44887030124664307
122,"N,N-isopropyl-n-butyl acetamide",CC(=O)N(C(C)C)CCCC,amide,-0.7838571071624756,1.9174877405166626,-0.8653462529182434,-1.2936744689941406,0.008288010954856873,-0.6714164018630981,0.5322502851486206,-0.10660557448863983
123,"N,N-n-butyl-n-butyl acetamide",CC(=O)N(CCCC)CCCC,amide,-0.8539214134216309,1.6862636804580688,-0.9548900723457336,-1.4859741926193237,0.15065252780914307,-0.8639520406723022,0.7595624327659607,0.09939536452293396
124,methyl methyl sulfoxide,CS(=O)C,sulfoxide,0.2116648256778717,0.3012377619743347,0.5103837251663208,0.8301918506622314,-0.46439310908317566,0.6054519414901733,-0.801852285861969,-0.7306932210922241
125,methyl methyl sulfone,CS(=O)(=O)C,sulfone,0.42665430903434753,0.514665424823761,0.1779066026210785,0.35940077900886536,-0.6191312074661255,0.3817261755466461,-0.6658179759979248,-1.0197874307632446
126,methyl ethyl sulfoxide,CS(=O)CC,sulfoxide,0.2313944548368454,0.1188882440328598,0.725817084312439,0.9861903786659241,-0.3929072618484497,0.8002593517303467,-0.7991885542869568,-0.4949052929878235
127,methyl ethyl sulfone,CS(=O)(=O)CC,sulfone,0.5496886372566223,0.3419075310230255,0.33476558327674866,0.3155776858329773,-0.5846073031425476,0.5412484407424927,-0.5629438161849976,-0.7395623326301575
128,methyl n-propyl sulfoxide,CS(=O)CCC,sulfoxide,0.11130933463573456,0.027701718732714653,0.9350973963737488,1.2633554935455322,-0.28246989846229553,0.960457444190979,-0.8711211681365967,-0.35004180669784546
129,methyl n-propyl sulfone,CS(=O)(=O)CCC,sulfone,0.59349125623703,0.29129353165626526,0.5709543824195862,0.3733745217323303,-0.49421048164367676,0.7072625160217285,-0.5403675436973572,-0.4050317704677582
130,methyl isopropyl sulfoxide,CS(=O)C(C)C,sulfoxide,0.034650348126888275,0.4172121584415436,0.38449057936668396,0.5416866540908813,-0.3044704496860504,0.5118372440338135,-0.516551673412323,-0.40159711241722107
131,methyl isopropyl sulfone,CS(=O)(=O)C(C)C,sulfone,0.19108474254608154,0.668013334274292,0.1145954579114914,0.10165996104478836,-0.45376652479171753,0.32262909412384033,-0.38641414046287537,-0.5819575786590576
132,methyl n-butyl sulfoxide,CS(=O)CCCC,sulfoxide,0.12309859693050385,-0.03494998812675476,1.0091949701309204,1.2374382019042969,-0.19555170834064484,0.9988259077072144,-0.7945282459259033,-0.157561257481575
133,methyl n-butyl sulfone,CS(=O)(=O)CCCC,sulfone,0.6714606881141663,0.1841004490852356,0.6591610312461853,0.31863683462142944,-0.40700751543045044,0.7275186777114868,-0.4583299458026886,-0.16373339295387268
134,ethyl ethyl sulfoxide,CCS(=O)CC,sulfoxide,0.16221153736114502,0.08057859539985657,0.7792373895645142,1.027858853340149,-0.30203384160995483,0.832571268081665,-0.7538054585456848,-0.3583281338214874
135,ethyl ethyl sulfone,CCS(=O)(=O)CC,sulfone,0.4804438054561615,0.3498246371746063,0.38293811678886414,0.34279611706733704,-0.5413722991943359,0.5522674322128296,-0.5401976108551025,-0.6518033146858215
136,ethyl n-propyl sulfoxide,CCS(=O)CCC,sulfoxide,0.08700450509786606,0.016292059794068336,1.0585155487060547,1.4146666526794434,-0.27931058406829834,1.074992060661316,-0.9505133628845215,-0.33482879400253296
137,ethyl n-propyl sulfone,CCS(=O)(=O)CCC,sulfone,0.5291893482208252,0.2634829580783844,0.567183256149292,0.3453053832054138,-0.4390881657600403,0.6812564134597778,-0.48293426632881165,-0.30803969502449036
138,ethyl isopropyl sulfoxide,CCS(=O)C(C)C,sulfoxide,-0.11655130237340927,0.5219100117683411,0.42964205145835876,0.4466055929660797,-0.243650883436203,0.5688831806182861,-0.3581925928592682,-0.19777587056159973
139,ethyl isopropyl sulfone,CCS(=O)(=O)C(C)C,sulfone,0.1466357260942459,0.6819469332695007,0.1753893494606018,-0.001798383891582489,-0.43087291717529297,0.40900641679763794,-0.27040353417396545,-0.3364901840686798
140,ethyl n-butyl sulfoxide,CCS(=O)CCCC,sulfoxide,0.115329809486866,-0.11627916991710663,1.1979238986968994,1.4588114023208618,-0.16112813353538513,1.1498148441314697,-0.8846322894096375,-0.09493386745452881
141,ethyl n-butyl sulfone,CCS(=O)(=O)CCCC,sulfone,0.6795777082443237,0.024713987484574318,0.7204135656356812,0.3841593563556671,-0.3801393508911133,0.7554205656051636,-0.4682949483394623,-0.09091407060623169
142,n-propyl n-propyl sulfoxide,CCCS(=O)CCC,sulfoxide,0.06079377979040146,-0.05446624010801315,0.9172109365463257,1.235054850578308,-0.2084738165140152,0.9090307354927063,-0.790761411190033,-0.23356860876083374
143,n-propyl n-propyl sulfone,CCCS(=O)(=O)CCC,sulfone,0.5210419297218323,0.19791126251220703,0.5861742496490479,0.3404410779476166,-0.40983691811561584,0.68592369556427,-0.4588908851146698,-0.21176713705062866
144,n-propyl isopropyl sulfoxide,CCCS(=O)C(C)C,sulfoxide,-0.035191863775253296,0.2939746081829071,0.6571251749992371,0.7547538876533508,-0.21506014466285706,0.750254213809967,-0.5285765528678894,-0.1770295351743698
145,n-propyl isopropyl sulfone,CCCS(=O)(=O)C(C)C,sulfone,0.23733943700790405,0.6294852495193481,0.33097973465919495,-0.004827558994293213,-0.4075262248516083,0.5348910689353943,-0.27550747990608215,-0.1462835669517517
146,n-propyl n-butyl sulfoxide,CCCS(=O)CCCC,sulfoxide,0.05613876134157181,-0.1945343166589737,1.1743476390838623,1.4909394979476929,-0.11097769439220428,1.0989018678665161,-0.8518775701522827,-0.05312841013073921
147,n-propyl n-butyl sulfone,CCCS(=O)(=O)CCCC,sulfone,0.6775352954864502,0.06871442496776581,0.7814013361930847,0.41555193066596985,-0.39623942971229553,0.8268507122993469,-0.5058040022850037,-0.05990370735526085
148,isopropyl isopropyl sulfoxide,C(C)CS(=O)C(C)C,sulfoxide,-0.035191863775253296,0.2939746081829071,0.6571251749992371,0.7547538876533508,-0.21506014466285706,0.750254213809967,-0.5285765528678894,-0.1770295351743698
149,isopropyl isopropyl sulfone,C(C)CS(=O)(=O)C(C)C,sulfone,0.23733943700790405,0.6294852495193481,0.33097973465919495,-0.004827558994293213,-0.4075262248516083,0.5348910689353943,-0.27550747990608215,-0.1462835669517517
150,isopropyl n-butyl sulfoxide,C(C)CS(=O)CCCC,sulfoxide,0.05613876134157181,-0.1945343166589737,1.1743476390838623,1.4909394979476929,-0.11097769439220428,1.0989018678665161,-0.8518775701522827,-0.05312841013073921
151,isopropyl n-butyl sulfone,C(C)CS(=O)(=O)CCCC,sulfone,0.6775352954864502,0.06871442496776581,0.7814013361930847,0.41555193066596985,-0.39623942971229553,0.8268507122993469,-0.5058040022850037,-0.05990370735526085
152,n-butyl n-butyl sulfoxide,CCCCS(=O)CCCC,sulfoxide,0.1041286438703537,-0.20949231088161469,1.0514365434646606,1.2624088525772095,-0.08397239446640015,0.9830055236816406,-0.7130580544471741,0.02564040943980217
153,n-butyl n-butyl sulfone,CCCCS(=O)(=O)CCCC,sulfone,0.6619030833244324,-0.037004441022872925,0.7260102033615112,0.37772104144096375,-0.34005534648895264,0.7438059449195862,-0.43704259395599365,0.0026665739715099335
154,methyl methyl methyl phosphate,COP(=O)(OC)OC,phosphate,-0.41420280933380127,-1.248267412185669,0.4884965121746063,1.04753839969635,0.3743300139904022,0.28040772676467896,-0.08028090000152588,0.6044242978096008
155,methyl methyl ethyl phosphate,COP(=O)(OC)OCC,phosphate,-0.5832787156105042,-1.8404184579849243,0.6298589706420898,1.332541823387146,0.6139206290245056,0.3149648606777191,0.007911760360002518,0.966124951839447
156,methyl methyl n-propyl phosphate,COP(=O)(OC)OCCC,phosphate,-0.5338126420974731,-2.2283947467803955,0.625704824924469,1.295915126800537,0.687412679195404,0.29435667395591736,0.10608015954494476,1.1638206243515015
157,methyl methyl n-butyl phosphate,COP(=O)(OC)OCCCC,phosphate,-0.5020427703857422,-2.4447574615478516,0.6367655396461487,1.2582570314407349,0.7763502597808838,0.2533329725265503,0.19140727818012238,1.3208916187286377
158,methyl ethyl ethyl phosphate,COP(=O)(OCC)OCC,phosphate,-0.6141569018363953,-1.816835880279541,0.6042792201042175,1.2968761920928955,0.6424734592437744,0.2779950797557831,0.038546863943338394,0.98886638879776
159,methyl ethyl n-propyl phosphate,COP(=O)(OCC)OCCC,phosphate,-0.7131164073944092,-2.439051389694214,0.7133635878562927,1.5117615461349487,0.8403459191322327,0.3002106249332428,0.12744168937206268,1.3354073762893677
160,methyl ethyl n-butyl phosphate,COP(=O)(OCC)OCCCC,phosphate,-0.6922333836555481,-2.656792640686035,0.7245363593101501,1.4842365980148315,0.9286848306655884,0.26121985912323,0.20650134980678558,1.4915270805358887
161,methyl n-propyl n-propyl phosphate,COP(=O)(OCCC)OCCC,phosphate,-0.5753306746482849,-2.1871469020843506,0.5984275937080383,1.2609120607376099,0.7247927784919739,0.24684549868106842,0.1383928507566452,1.1888474225997925
162,methyl n-propyl n-butyl phosphate,COP(=O)(OCCC)OCCCC,phosphate,-0.5820591449737549,-2.6464524269104004,0.6496379375457764,1.3128143548965454,0.8792856931686401,0.2257387787103653,0.24891246855258942,1.4671615362167358
163,methyl n-butyl n-butyl phosphate,COP(=O)(OCCCC)OCCCC,phosphate,-0.5425874590873718,-2.407715320587158,0.6107743382453918,1.2267416715621948,0.812063992023468,0.2092825025320053,0.22047461569309235,1.3457272052764893
164,ethyl ethyl ethyl phosphate,CCOP(=O)(OCC)OCC,phosphate,-0.39422041177749634,-1.7688616514205933,0.5532975792884827,1.0912753343582153,0.5244880318641663,0.2952660322189331,0.0515119768679142,0.9280256628990173
165,ethyl ethyl n-propyl phosphate,CCOP(=O)(OCC)OCCC,phosphate,-0.4687526226043701,-2.4176673889160156,0.6474449038505554,1.2804629802703857,0.7056660056114197,0.3177258372306824,0.14469432830810547,1.269101858139038
166,ethyl ethyl n-butyl phosphate,CCOP(=O)(OCC)OCCCC,phosphate,-0.4293455481529236,-2.6324827671051025,0.6541262865066528,1.2370589971542358,0.7824317216873169,0.283841073513031,0.2235708236694336,1.4226397275924683
167,ethyl n-propyl n-propyl phosphate,CCOP(=O)(OCCC)OCCC,phosphate,-0.4687526226043701,-2.4176673889160156,0.6474449038505554,1.2804629802703857,0.7056660056114197,0.3177258372306824,0.14469432830810547,1.269101858139038
168,ethyl n-propyl n-butyl phosphate,CCOP(=O)(OCCC)OCCCC,phosphate,-0.46879807114601135,-2.864719867706299,0.6932620406150818,1.322482943534851,0.8472061157226562,0.30040833353996277,0.25141170620918274,1.5390269756317139
169,ethyl n-butyl n-butyl phosphate,CCOP(=O)(OCCCC)OCCCC,phosphate,-0.4293455481529236,-2.6324827671051025,0.6541262865066528,1.2370589971542358,0.7824317216873169,0.283841073513031,0.2235708236694336,1.4226397275924683
170,n-propyl n-propyl n-propyl phosphate,CCCOP(=O)(OCCC)OCCC,phosphate,-0.29815879464149475,-2.1650452613830566,0.5294601917266846,1.0049488544464111,0.5674021244049072,0.27633535861968994,0.1550408899784088,1.1118297576904297
171,n-propyl n-propyl n-butyl phosphate,CCCOP(=O)(OCCC)OCCCC,phosphate,-0.3005029857158661,-2.6239073276519775,0.5711032748222351,1.0400291681289673,0.7214868664741516,0.24849970638751984,0.27211079001426697,1.3936188220977783
172,n-propyl n-butyl n-butyl phosphate,CCCOP(=O)(OCCCC)OCCCC,phosphate,-0.3005029857158661,-2.6239073276519775,0.5711032748222351,1.0400291681289673,0.7214868664741516,0.24849970638751984,0.27211079001426697,1.3936188220977783
173,n-butyl n-butyl n-butyl phosphate,CCCCOP(=O)(OCCCC)OCCCC,phosphate,-0.25682005286216736,-2.3910350799560547,0.5361785292625427,0.9550921320915222,0.6553945541381836,0.23422183096408844,0.24424763023853302,1.2787072658538818
174,ethanenitrile,CC#N,nitrile,0.48849669098854065,0.4272140562534332,0.44447723031044006,0.6061513423919678,-0.6583698987960815,0.6684712171554565,-0.8738307356834412,-0.7863937020301819
175,propanenitrile,CCC#N,nitrile,0.441050261259079,0.08506188541650772,0.49967679381370544,0.3793301582336426,-0.382334440946579,0.6233242750167847,-0.4944128096103668,-0.14215922355651855
176,butanenitrile,CCCC#N,nitrile,0.6644874215126038,0.06937484443187714,0.7621219754219055,0.5213364958763123,-0.5151820182800293,0.9171552658081055,-0.6798855662345886,-0.144982248544693
177,pentanenitrile,CCCCC#N,nitrile,0.7420458793640137,-0.005469949916005135,0.756514847278595,0.3404328525066376,-0.42285802960395813,0.8762203454971313,-0.5222569108009338,0.08928745985031128
178,hexanenitrile,CCCCCC#N,nitrile,0.9125081896781921,-0.07323518395423889,0.8356085419654846,0.3170247972011566,-0.48769891262054443,0.9802799224853516,-0.5551554560661316,0.12466415762901306
179,heptanenitrile,CCCCCCC#N,nitrile,0.9867865443229675,-0.10760509222745895,0.8324485421180725,0.2473047971725464,-0.5030608177185059,0.9842089414596558,-0.5350403189659119,0.15948253870010376
180,octanenitrile,CCCCCCCC#N,nitrile,0.9867865443229675,-0.10760509222745895,0.8324485421180725,0.2473047971725464,-0.5030608177185059,0.9842089414596558,-0.5350403189659119,0.15948253870010376
181,nonanenitrile,CCCCCCCCC#N,nitrile,0.9867865443229675,-0.10760509222745895,0.8324485421180725,0.2473047971725464,-0.5030608177185059,0.9842089414596558,-0.5350403189659119,0.15948253870010376
182,decanenitrile,CCCCCCCCCC#N,nitrile,0.9867865443229675,-0.10760509222745895,0.8324485421180725,0.2473047971725464,-0.5030608177185059,0.9842089414596558,-0.5350403189659119,0.15948253870010376
183,undecanenitrile,CCCCCCCCCCC#N,nitrile,0.9867865443229675,-0.10760509222745895,0.8324485421180725,0.2473047971725464,-0.5030608177185059,0.9842089414596558,-0.5350403189659119,0.15948253870010376
184,2-methylpropanenitrile,CC(C)C#N,nitrile,0.27609318494796753,0.5138401985168457,0.320379376411438,0.30030572414398193,-0.4613535702228546,0.5057145357131958,-0.5535464882850647,-0.38112083077430725
185,2-methylbutanenitrile,CCC(C)C#N,nitrile,0.07697199285030365,0.49874553084373474,0.27707406878471375,0.1682741940021515,-0.35721951723098755,0.49224743247032166,-0.3833724558353424,-0.08580563962459564
186,3-methylbutanenitrile,CC(C)CC#N,nitrile,0.20568598806858063,0.5275393128395081,0.3521324098110199,0.20142912864685059,-0.37141746282577515,0.5443886518478394,-0.4140058159828186,-0.13121521472930908
187,2-methylpentanenitrile,CCCC(C)C#N,nitrile,0.16916389763355255,0.5024734139442444,0.46186748147010803,0.3391989767551422,-0.375921368598938,0.6912024021148682,-0.5325747132301331,-0.08335985243320465
188,3-methylpentanenitrile,CCC(C)CC#N,nitrile,0.23080281913280487,0.4037443697452545,0.3825281858444214,0.21602055430412292,-0.364446222782135,0.557937502861023,-0.39524945616722107,-0.07159650325775146
189,2-methoxyacetonitrile,COCC#N,nitrile,0.4456358850002289,-0.2132710963487625,0.513085663318634,0.5336300730705261,-0.4550953805446625,0.6771875023841858,-0.5575359463691711,-0.16957484185695648
190,2-ethoxyacetonitrile,CCOCC#N,nitrile,0.8192832469940186,-0.5501976013183594,0.5356046557426453,0.3594379127025604,-0.660688042640686,0.8268700838088989,-0.5461667776107788,-0.1441122591495514
191,3-methoxypropanenitrile,COCCC#N,nitrile,0.4900990426540375,-0.6950831413269043,0.7532863616943359,0.7568283081054688,-0.39489322900772095,0.8924149870872498,-0.5711238980293274,0.16209620237350464
192,2-cyanoethyl acetate,CC(=O)OCC#N,nitrile,-0.10263132303953171,0.09856916218996048,-0.0951429158449173,-0.3193742334842682,0.08661331236362457,-0.1264507919549942,0.1412808746099472,0.407187819480896
193,3-cyanopropyl acetate,CC(=O)OCCC#N,nitrile,-0.0030134720727801323,-0.1573985368013382,0.06347733736038208,-0.20756283402442932,0.09529127180576324,0.03138327971100807,0.09370752424001694,0.597843587398529
194,butan-2-one,CC(=O)CC,ketone,-0.21338462829589844,0.6987023949623108,-0.49716928601264954,-0.894392192363739,0.10761761665344238,-0.5959552526473999,0.3895196318626404,0.13950034976005554
195,pentan-2-one,CC(=O)CCC,ketone,-0.2360468953847885,0.5352962017059326,-0.5865243077278137,-1.1895396709442139,0.3534480035305023,-0.8573305606842041,0.640017032623291,0.5503308773040771
196,hexan-2-one,CC(=O)CCCC,ketone,-0.14984901249408722,0.4588097035884857,-0.6413282155990601,-1.4260987043380737,0.4342946410179138,-0.9781452417373657,0.7640822529792786,0.7434557676315308
197,heptan-2-one,CC(=O)CCCCC,ketone,-0.09723597764968872,0.4762403070926666,-0.6833934783935547,-1.552474856376648,0.4568885564804077,-1.0450587272644043,0.8070462346076965,0.8060970902442932
198,octan-2-one,CC(=O)CCCCCC,ketone,-0.055341243743896484,0.45227834582328796,-0.7095384001731873,-1.6493099927902222,0.4678971469402313,-1.0842159986495972,0.8502551913261414,0.8654582500457764
199,nonan-2-one,CC(=O)CCCCCCC,ketone,-0.055341243743896484,0.45227834582328796,-0.7095384001731873,-1.6493099927902222,0.4678971469402313,-1.0842159986495972,0.8502551913261414,0.8654582500457764
200,decan-2-one,CC(=O)CCCCCCCC,ketone,-0.055341243743896484,0.45227834582328796,-0.7095384001731873,-1.6493099927902222,0.4678971469402313,-1.0842159986495972,0.8502551913261414,0.8654582500457764
201,pentan-3-one,CCC(=O)CC,ketone,-0.20560209453105927,0.2829071581363678,-0.3072120249271393,-0.5778453946113586,0.26812076568603516,-0.4563269019126892,0.3644951581954956,0.3875134587287903
202,hexan-3-one,CCC(=O)CCC,ketone,-0.25734636187553406,0.12316814064979553,-0.3901938199996948,-0.834981381893158,0.5232787132263184,-0.6828148365020752,0.6129148006439209,0.8060539960861206
203,heptan-3-one,CCC(=O)CCCC,ketone,-0.18019349873065948,0.047231756150722504,-0.36277833580970764,-0.91943359375,0.5869773030281067,-0.69990473985672,0.6696264147758484,0.9491378664970398
204,octan-3-one,CCC(=O)CCCCC,ketone,-0.12144070118665695,0.1014336347579956,-0.4067980647087097,-1.0584486722946167,0.6066189408302307,-0.7679133415222168,0.7140728235244751,0.9939976930618286
205,nonan-3-one,CCC(=O)CCCCCC,ketone,-0.08538443595170975,0.08649697154760361,-0.44068798422813416,-1.1651157140731812,0.6322530508041382,-0.8231263160705566,0.764557421207428,1.0592529773712158
206,decan-3-one,CCC(=O)CCCCCCC,ketone,-0.08538443595170975,0.08649697154760361,-0.44068798422813416,-1.1651157140731812,0.6322530508041382,-0.8231263160705566,0.764557421207428,1.0592529773712158
207,cyclopentanone,O=C1CCCC1,ketone,-0.25257110595703125,1.4200047254562378,-0.20634780824184418,0.8236398100852966,-0.725382924079895,0.018125202506780624,-1.3944448232650757,-1.9953699111938477
208,cyclohexanone,O=C1CCCCC1,ketone,-0.24536119401454926,1.4541009664535522,-0.20537446439266205,0.8591314554214478,-0.7593916654586792,0.0293683223426342,-1.451127529144287,-2.0739974975585938
209,cycloheptanone,O=C1CCCCCC1,ketone,-0.24536119401454926,1.4541009664535522,-0.20537446439266205,0.8591314554214478,-0.7593916654586792,0.0293683223426342,-1.451127529144287,-2.0739974975585938
210,methyl isobutyl ketone,CC(=O)CC(C)C,ketone,-0.452832967042923,1.0472919940948486,-0.5293447375297546,-0.8039522767066956,0.030370227992534637,-0.5181348323822021,0.34490787982940674,0.03429475799202919
211,methyl isopropyl ketone,CC(=O)C(C)C,ketone,-0.3916299045085907,0.8561339378356934,-0.4605649411678314,-0.6611958742141724,0.05059077590703964,-0.45481136441230774,0.28747040033340454,0.036556001752614975
212,pinacolone,CC(C)(C)C(=O)C,ketone,-0.29248976707458496,0.591629683971405,-0.40025851130485535,-0.5668411254882812,0.09843358397483826,-0.4441109895706177,0.2691504657268524,0.06635423004627228
213,acetophenone,CC(=O)c1ccccc1,ketone,-0.7331212759017944,1.2288272380828857,-0.3423808515071869,0.19395312666893005,-0.42212414741516113,-0.12556293606758118,-0.3271882236003876,-0.8777713775634766
232,"1,2-dimethoxyethane",COCCOC,ether,0.41805848479270935,-1.160644292831421,0.373749703168869,0.537652313709259,-0.3485145568847656,0.5382562279701233,-0.3002467751502991,0.07307136058807373
233,1-methoxy-2-ethoxyethane,COCCOCC,ether,1.1528316736221313,-1.899214506149292,0.5701085329055786,0.5700037479400635,-0.9466536641120911,1.0303616523742676,-0.5692850947380066,-0.1507842093706131
234,"1,2-diethoxyethane",CCOCCOCC,ether,1.1046522855758667,-1.442522644996643,0.3484954535961151,0.16919395327568054,-0.8408892750740051,0.7802959680557251,-0.3910597860813141,-0.14874543249607086
235,diglyme,COCCOCCOC,ether,1.0611118078231812,-1.639790654182434,0.5281023383140564,0.5533180832862854,-0.9026638269424438,0.9395435452461243,-0.5784810781478882,-0.23344957828521729
236,triglyme,COCCOCCOCCOC,ether,1.0611118078231812,-1.639790654182434,0.5281023383140564,0.5533180832862854,-0.9026638269424438,0.9395435452461243,-0.5784810781478882,-0.23344957828521729
237,tetraglyme,COCCOCCOCCOCCOC,ether,1.0611118078231812,-1.639790654182434,0.5281023383140564,0.5533180832862854,-0.9026638269424438,0.9395435452461243,-0.5784810781478882,-0.23344957828521729
238,"1,3-dioxolane",O1CCOC1,ether,0.7269091606140137,0.7948336005210876,0.25405681133270264,1.1012998819351196,-1.2741338014602661,0.6485797166824341,-1.751721739768982,-2.411870241165161
239,"1,3-dioxane",O1CCCOC1,ether,0.6944730877876282,0.9514304995536804,0.22276626527309418,1.164706826210022,-1.3454227447509766,0.6251164674758911,-1.8914711475372314,-2.629703998565674
240,"1,4-dioxane",O1CCOCC1,ether,0.7206777930259705,0.7646489143371582,0.24040411412715912,1.073349118232727,-1.24745774269104,0.6227965950965881,-1.7142324447631836,-2.3814756870269775
241,tetrahydrofuran,C1CCOC1,ether,0.8473591804504395,0.8017367720603943,0.2543165385723114,1.1232638359069824,-1.414974570274353,0.6949774026870728,-1.8853042125701904,-2.64374041557312
242,2-methyltetrahydrofuran,CC1CCCO1,ether,0.4750267565250397,0.8566915392875671,0.3440040349960327,1.2513233423233032,-1.29033625125885,0.7355175018310547,-1.8448392152786255,-2.485260486602783
243,2-ethyltetrahydrofuran,CCC1CCCO1,ether,0.6007430553436279,0.5124338269233704,0.3063865602016449,0.8438213467597961,-1.0776382684707642,0.6758063435554504,-1.363513469696045,-1.8148174285888672
244,tetrahydropyran,C1CCOCC1,ether,0.907929003238678,0.8237922787666321,0.2834893763065338,1.1826661825180054,-1.4904240369796753,0.7460216283798218,-1.9766647815704346,-2.765108823776245
245,2-methyltetrahydropyran,CC1CCCCO1,ether,0.6753489375114441,0.7373940348625183,0.37111589312553406,1.2070335149765015,-1.4024319648742676,0.8233497142791748,-1.8822015523910522,-2.546417713165283
246,"1,2-dimethoxypropane",COC(C)COC,ether,0.08621852844953537,-0.6134750247001648,0.28099387884140015,0.4827195107936859,-0.23394069075584412,0.49784204363822937,-0.2923944294452667,0.15592043101787567
247,"1,3-dimethoxypropane",COCCCOC,ether,0.5384424924850464,-1.3099206686019897,0.41857656836509705,0.5132142305374146,-0.3460211753845215,0.5853925347328186,-0.26569029688835144,0.14644533395767212
248,1-methoxy-2-propoxyethane,COCCOCCC,ether,1.479148507118225,-2.1531920433044434,0.5802729725837708,0.3904494345188141,-1.1149330139160156,1.1247411966323853,-0.5668736100196838,-0.1539863497018814
249,1-ethoxy-2-methoxyethane,CCOCCOC,ether,1.1528316736221313,-1.899214506149292,0.5701085329055786,0.5700037479400635,-0.9466536641120911,1.0303616523742676,-0.5692850947380066,-0.1507842093706131
250,1-ethoxy-2-propoxyethane,CCOCCOCCC,ether,1.722885251045227,-1.977195143699646,0.41775256395339966,-0.012205339968204498,-1.2699207067489624,1.0668412446975708,-0.5062741041183472,-0.2736978530883789
251,anisole,COc1ccccc1,ether,-0.5117042064666748,1.0126296281814575,-0.15442775189876556,0.4994085729122162,-0.6219081878662109,0.1236332505941391,-0.580355703830719,-1.1105059385299683
252,"1,2-dimethoxybenzene",COc1ccccc1OC,ether,-0.35492244362831116,0.7426170110702515,-0.08683691918849945,0.4590066969394684,-0.471297025680542,0.11245112121105194,-0.51686692237854,-0.8912121653556824
253,"1,3-dimethoxybenzene",COc1cc(ccc1)OC,ether,-0.5396912097930908,1.071816325187683,-0.16475848853588104,0.44687238335609436,-0.6054278612136841,0.0910988301038742,-0.5351946949958801,-1.0480997562408447
254,"1,4-dimethoxybenzene",COc1ccc(cc1)OC,ether,-0.311654657125473,0.6985980868339539,-0.09132471680641174,0.4798668324947357,-0.5554341077804565,0.14992867410182953,-0.5536313056945801,-0.9862234592437744
255,diphenyl ether,c1ccc(cc1)Oc2ccccc2,ether,-0.5156405568122864,1.0321415662765503,-0.11290313303470612,0.5756354331970215,-0.6252954006195068,0.15056858956813812,-0.6254181265830994,-1.1537916660308838
256,dibenzyl ether,c1ccccc1COCc2ccccc2,ether,-0.4612702429294586,0.9159372448921204,-0.05398189276456833,0.5948616862297058,-0.545647382736206,0.20176582038402557,-0.6511663794517517,-1.0197045803070068
257,ethylene carbonate,O=C1OCCO1,carbonate,-0.19330061972141266,1.2468644380569458,-0.14647002518177032,0.7979425191879272,-0.694202184677124,0.05515649542212486,-1.293900966644287,-1.8648697137832642
258,propylene carbonate,CC1COC(=O)O1,carbonate,-0.40080875158309937,1.401005506515503,-0.06990016251802444,0.8816012740135193,-0.7074519991874695,0.13184133172035217,-1.275951623916626,-1.8024342060089111
259,vinylene carbonate,O=C1OC=CO1,carbonate,-0.358049601316452,1.256787657737732,-0.10861596465110779,0.7396025657653809,-0.5956301093101501,0.10143111646175385,-1.0572609901428223,-1.5327963829040527
260,trimethylene carbonate,O=C1OCCCO1,carbonate,-0.19326122105121613,1.5292867422103882,-0.1794111281633377,0.9926308989524841,-0.8729004859924316,0.0685385912656784,-1.6367706060409546,-2.356783390045166
261,beta-propiolactone,O=C1OCC1,lactone,-0.23555664718151093,1.2991057634353638,-0.14236266911029816,0.8568333387374878,-0.7068904638290405,0.05148116126656532,-1.3554205894470215,-1.9288666248321533
262,gamma-butyrolactone,O=C1OCCC1,lactone,-0.28445011377334595,1.6897882223129272,-0.23076319694519043,1.0204780101776123,-0.8891432881355286,0.040822405368089676,-1.6812248229980469,-2.4552218914031982
263,delta-valerolactone,O=C1OCCCC1,lactone,-0.2178945392370224,1.7571161985397339,-0.22669674456119537,1.1034435033798218,-1.0032051801681519,0.08135117590427399,-1.853066325187683,-2.686852216720581
264,epsilon-caprolactone,O=C1OCCCCC1,lactone,-0.15327726304531097,1.766426682472229,-0.1974768340587616,1.1561988592147827,-1.0788671970367432,0.1361953467130661,-1.9385216236114502,-2.8009707927703857
265,2-pyrrolidone,O=C1NCCC1,lactam,-0.5212528109550476,1.42946457862854,-0.27789801359176636,0.8045759201049805,-0.6908147931098938,-0.06470745801925659,-1.2976815700531006,-1.8260819911956787
266,N-methyl-2-pyrrolidone,CN1CCCC1=O,lactam,-0.6474159955978394,1.3319755792617798,-0.18679465353488922,0.7882821559906006,-0.5541729927062988,0.00035497546195983887,-1.1406859159469604,-1.5981920957565308
267,N-ethyl-2-pyrrolidone,CCN1CCCC1=O,lactam,-0.6060431599617004,1.1719717979431152,-0.06419488787651062,0.7729182839393616,-0.4974631071090698,0.14091093838214874,-1.0342307090759277,-1.3259986639022827
268,2-oxazolidinone,O=C1NCCO1,cyclic_urethane,-0.3168601989746094,1.247430682182312,-0.14581263065338135,0.8456147909164429,-0.6885218620300293,0.041409220546483994,-1.2783647775650024,-1.8127423524856567
269,N-methyl-2-oxazolidinone,CN1CCOC1=O,cyclic_urethane,-0.5733754634857178,1.4650315046310425,-0.1383279263973236,0.9490122199058533,-0.7024330496788025,0.044028569012880325,-1.367325782775879,-1.8747916221618652
270,sulfolane,O=S1(=O)CCCC1,sulfone,-0.24352602660655975,1.049490213394165,-0.04787624254822731,0.6961578726768494,-0.5216832756996155,0.10759738087654114,-1.00285804271698,-1.3914114236831665
271,ethylene sulfite,O=S1OCCO1,sulfite,0.13553912937641144,0.7061472535133362,0.07525534927845001,0.6740456819534302,-0.6539688110351562,0.2669122517108917,-1.0094377994537354,-1.4047069549560547
